pair	region_lead	chr	pos	n_common	PP_H0	PP_H1	PP_H2	PP_H3	PP_H4	interpretation
omp__gastric_cancer	rs3104361	6	32652278	19101	3.29113699093849e-08	5.00464784028441e-05	0.000649597094103945	0.987802796626241	0.0114975268898839	distinct_causal
omp__gastric_cancer	rs9276733	6	32766026	18464	3.55397563416218e-08	5.58068052775759e-05	0.000628507958927243	0.986919880207756	0.0123957694882828	distinct_causal
omp__gastric_cancer	rs1892331	20	59326926	3851	0.246728833170155	0.475620510675156	0.0868227374498993	0.167345179421323	0.0234827392834669	underpowered_or_no_shared
omp__gastric_cancer	rs60949128	8	41936404	2398	0.0273257625340794	0.761141638214382	0.00600890353266405	0.167335976973643	0.0381877187452322	underpowered_or_no_shared
omp__gastric_cancer	rs703135	1	158678095	3806	0.301980687855401	0.531189981737363	0.0530183116636229	0.0932396838302477	0.0205713349133652	underpowered_or_no_shared
omp__gastric_cancer	rs55862931	2	2672878	3862	0.431837169662248	0.368961562735724	0.098962441506862	0.0845377826204549	0.0157010434747108	underpowered_or_no_shared
omp__gastric_cancer	rs8019346	14	65353011	3335	0.0971247593025219	0.57162936103747	0.0458469858844267	0.269817604757584	0.0155812890179975	underpowered_or_no_shared
omp__gastric_cancer	rs1156822	2	41824828	4367	0.150791666617365	0.700158245526628	0.0247635129693172	0.114973020566764	0.00931355431992524	underpowered_or_no_shared
omp__gastric_cancer	rs143477841	2	24042805	3449	0.63523556642409	0.216648575181117	0.0998622660010157	0.0340440497662254	0.0142095426275522	underpowered_or_no_shared
omp__gastric_cancer	rs116944686	8	101374808	2677	0.519032940275297	0.316960704893714	0.0901600043122828	0.0550396998573919	0.0188066506613146	underpowered_or_no_shared
vacA__stroke_isch	rs1530121	5	124624902	3283	0.0338611307840313	0.848670469774394	0.00415249161770281	0.104065744685883	0.00925016313798883	underpowered_or_no_shared
vacA__stroke_isch	rs372744619	6	32434141	14179	0.493880230980148	0.289269744618619	0.128759683284928	0.0754093069738233	0.0126810341424821	underpowered_or_no_shared
vacA__stroke_isch	rs9606224	22	20034187	2767	0.528582508039747	0.383074218250115	0.0456635196278352	0.0330836614744139	0.00959609260788908	underpowered_or_no_shared
vacA__stroke_isch	rs113063793	1	217309978	3285	0.136091598171625	0.732245940939187	0.0146922202074457	0.0790140849314556	0.0379561557502863	underpowered_or_no_shared
vacA__stroke_isch	rs77497849	7	32049959	3684	0.205879441131144	0.621989191651172	0.0403694691643882	0.121951728850861	0.00981016920243511	underpowered_or_no_shared
vacA__stroke_isch	rs113845906	3	94372336	2407	0.31784103743456	0.59875964817274	0.0250078819963397	0.047099398097263	0.011292034299097	underpowered_or_no_shared
vacA__stroke_isch	rs7019543	9	110365310	3365	0.0995156951741309	0.64570094277287	0.0330086476457359	0.214166798112973	0.00760791629429004	underpowered_or_no_shared
vacA__stroke_isch	rs133537	22	48595971	4268	0.25359227076739	0.642237909401259	0.0279051608959351	0.0706659250514371	0.00559873388397878	underpowered_or_no_shared
vacA__stroke_isch	rs73500239	16	1332341	3938	0.0649992607272444	0.84679964113236	0.0056896858882418	0.0741158931945757	0.00839551905757826	underpowered_or_no_shared
vacA__stroke_isch	rs59104649	10	129150690	3824	0.671096853906728	0.22433190427943	0.0735060005577403	0.0245648278309098	0.00650041342519162	underpowered_or_no_shared
vacA__stroke_isch	rs117077218	10	90083333	2380	0.787532014415715	0.161231339913979	0.0354064351434033	0.00724016540259377	0.00859004512430868	underpowered_or_no_shared
vacA__stroke_isch	rs148556020	12	28904914	3225	0.518314030435131	0.360041476150378	0.0638522240451789	0.0443408350614888	0.0134514343078237	underpowered_or_no_shared
vacA__stroke_isch	rs72645538	1	9453174	2634	0.768018756167278	0.145087834987781	0.0676687203708627	0.0127769746390217	0.00644771383505602	underpowered_or_no_shared
vacA__stroke_isch	rs10246445	7	2981123	4553	0.608528911945209	0.280489296448127	0.0716687468809918	0.0330279981162229	0.00628504660944962	underpowered_or_no_shared
catalase__crc	rs77162569	7	148264987	3506	0.174346128407038	0.335125648243769	0.162306435574583	0.311966867004821	0.0162549207697882	underpowered_or_no_shared
catalase__crc	rs190890483	2	157083346	2647	0.632983961345374	0.273971030585861	0.0579043595863464	0.0250523430357318	0.0100883054466876	underpowered_or_no_shared
catalase__crc	rs343686	6	80607062	3491	0.156455245409072	0.762301337357892	0.0127853072523219	0.0622880457128622	0.00617006426785228	underpowered_or_no_shared
catalase__crc	rs147016571	16	25837192	3796	0.673532782354747	0.239422823267207	0.0597284629894699	0.0212257750371349	0.00609015635144113	underpowered_or_no_shared
catalase__crc	rs6456714	6	26335346	2974	0.167934504510552	0.703814671993798	0.0230225025366756	0.0964787180473631	0.00874960291161126	underpowered_or_no_shared
catalase__crc	rs927062	14	33095049	3481	0.0727641020511987	0.490519915351288	0.0153749347827548	0.103328036284342	0.318013011530416	underpowered_or_no_shared
catalase__crc	rs17647677	13	46749781	3239	0.679710161059439	0.239536766693066	0.0548149608011948	0.0193107217231101	0.0066273897231902	underpowered_or_no_shared
catalase__crc	rs72808426	2	58133048	2963	0.604374453564817	0.277876483201731	0.0739668544170545	0.0339983534139225	0.00978385540247467	underpowered_or_no_shared
catalase__crc	rs58679787	2	16452055	3187	0.505313342633785	0.33708091452553	0.0868381526993312	0.0579145386437818	0.0128530514975715	underpowered_or_no_shared
