exposure_label	outcome_label	SNP	samplesize	b	se	p	OR	L95	U95
omp	sle	rs116944686	14267	0.419641415449792	0.252994929500793	0.0971772747280679	1.52141590155618	0.926604317621203	2.49805262234303
omp	sle	rs143477841	14267	0.511138606539865	0.225351713843208	0.0233181416270002	1.66718838626349	1.07191765722381	2.59303230668911
omp	sle	rs1892331	14267	0.449210801998232	0.255631019371141	0.0788730779604913	1.56707496491745	0.949494068264711	2.58634996020469
omp	sle	rs3104361	14267	0.300436953356598	0.248598204538623	0.22684568206581	1.35044876179476	0.829596760026521	2.19831121106921
omp	sle	rs60949128	14267	0.513266570915366	0.231541066146994	0.0266407963931746	1.67073988114383	1.06124853826055	2.63027146781254
omp	sle	rs703135	14267	0.419580860487583	0.247009133847828	0.0893860690701522	1.52132377506315	0.937482636988986	2.46876682005106
omp	sle	rs8019346	14267	0.432194392967708	0.257574571827293	0.0933590280758952	1.54063457458089	0.929924603326009	2.55241649043877
omp	sle	rs9276733	14267	0.170556106546604	0.18789527980057	0.364026728074332	1.18596419042231	0.82060070334603	1.71400177361406
omp	sle	All	14267	0.406579512314881	0.225690984943063	0.0716260589519805	1.50167253807872	0.964857537405077	2.33715374985255
ureA	itp	rs117994655	489424	0.249877193597806	0.164552210499182	0.128881262965342	1.28386773982805	0.92993076766152	1.77251514918276
ureA	itp	rs12820262	489424	0.245646337482087	0.169876567805122	0.148169243020065	1.27844735466955	0.91639137945369	1.78354759255367
ureA	itp	rs134748	489424	0.24187790031268	0.168585349237982	0.151358231364721	1.27363867243823	0.915257910345925	1.77234793558585
ureA	itp	rs143570118	489424	0.221199456663457	0.162592643976923	0.173686992979567	1.24757224234654	0.907118555673113	1.71580273619101
ureA	itp	rs4689912	489424	0.282727487973066	0.157592128464502	0.0728058672190337	1.32674355897236	0.974185946089867	1.80689167026051
ureA	itp	rs60386004	489424	0.231939918464724	0.172261402780845	0.178160143093797	1.261043961095	0.899701325774904	1.76751086861466
ureA	itp	rs61907106	489424	0.215081504065811	0.1725615588233	0.212615928695072	1.23996295486997	0.884140624747056	1.73898595587068
ureA	itp	rs71569678	489424	0.307972243462771	0.148604913105083	0.0382260079861813	1.36066322111365	1.01684694967204	1.82073064376944
ureA	itp	rs75477465	489424	0.179287040972923	0.155741511884487	0.249656798745885	1.19636410040222	0.881644538025481	1.62342871644927
ureA	itp	rs9289888	489424	0.0821846133476558	0.120352608047734	0.494691996266296	1.08565621795877	0.857523668626734	1.37448033997717
ureA	itp	All	489424	0.226402068809273	0.151976570047938	0.136298682127487	1.25407979029294	0.931022337956157	1.68923564591771
omp	ra	rs116944686	58284	0.360541077017789	0.281942991486157	0.200977014480718	1.4341051660172	0.825251421043561	2.49215884366063
omp	ra	rs143477841	58284	0.357760157713143	0.282562897817961	0.205468069019538	1.43012257547421	0.821960349251213	2.48825941877142
omp	ra	rs1892331	58284	0.429608699654047	0.288443061546076	0.136380605310291	1.53665611182148	0.873069862146379	2.70460831186315
omp	ra	rs3104361	58284	-0.00500275807529934	0.0389137910446254	0.89770579661267	0.995009734877125	0.921941239956861	1.07386927668685
omp	ra	rs60949128	58284	0.474214393898634	0.30520491765411	0.120242299782625	1.60675142780588	0.883391108726475	2.9224316673031
omp	ra	rs703135	58284	0.372628004801001	0.292479419972755	0.202652239889903	1.45154427188739	0.818213758264236	2.57509819648944
omp	ra	rs8019346	58284	0.38500135630471	0.288017343413648	0.181310861800753	1.46961631468732	0.835677390600051	2.58445679719101
omp	ra	rs9276733	58284	0.419907439533249	0.28975488888919	0.147286888056854	1.52182068866613	0.862420642772328	2.68539282757362
omp	ra	All	58284	0.352032626711206	0.257602171710856	0.171758632120166	1.42195491667416	0.858243320096539	2.35592370800671
omp	ms	rs1892331	115803	-0.743330815094476	0.579663359856326	0.199720194602897	0.475527380982821	0.152670847214044	1.48113601378888
omp	ms	rs3104361	115803	-0.155376961018917	0.202803504157644	0.443589823551071	0.85609240318618	0.575295285979466	1.27394439108831
omp	ms	rs60949128	115803	-0.80931520776541	0.583869993565708	0.165709567630215	0.44516280590196	0.141748574175117	1.39803821598717
omp	ms	rs703135	115803	-0.779195137740998	0.572408712391159	0.173432612993907	0.458775113521319	0.149401761773397	1.40878261600244
omp	ms	rs8019346	115803	-0.756265332594359	0.567901199992831	0.182963822755359	0.46941627108052	0.154223614958707	1.42878012303199
omp	ms	rs9276733	115803	-0.635554098670895	0.665952634887824	0.33990483371471	0.529641933104619	0.143585979482416	1.95367666337611
omp	ms	All	115803	-0.651297452590438	0.499971297680358	0.192687556079406	0.521368886327209	0.195686537973569	1.38908643611851
vacA	ms	rs10246445	115803	-0.162491333309305	0.120430561983465	0.177255619723211	0.850023457083861	0.671302626963511	1.07632511563532
vacA	ms	rs133537	115803	-0.130619471956052	0.130861526767104	0.318206483144651	0.877551643874171	0.679017713306667	1.13413372372284
vacA	ms	rs1530121	115803	-0.154036836140477	0.135306087363073	0.254939964034934	0.857240443000474	0.657548490807479	1.1175771633408
vacA	ms	rs372744619	115803	-0.00830746899710414	0.0480127324497242	0.862630696895793	0.991726942666257	0.902657196857959	1.08958565027087
vacA	ms	rs7019543	115803	-0.182036763442603	0.125363808981257	0.146482725040294	0.833570694924024	0.651974499480962	1.0657473628022
vacA	ms	rs77497849	115803	-0.155366627681072	0.132257986684361	0.240105164832816	0.856101249523914	0.660609568492361	1.10944404137083
vacA	ms	rs9606224	115803	-0.149814272622624	0.121617850300791	0.218007199361359	0.860867848306039	0.67828667276903	1.09259621631903
vacA	ms	All	115803	-0.135839964049413	0.111544289032364	0.223295456052925	0.872982329867126	0.701547429237373	1.0863102286451
vacA	sle	rs10246445	14267	-0.121338467049288	0.115935239682176	0.295281534132192	0.885734117039278	0.705695430006746	1.11170469968872
vacA	sle	rs113845906	14267	-0.109338383593875	0.115256494035518	0.342797281181427	0.896427029970402	0.715165630616322	1.12362980778178
vacA	sle	rs117077218	14267	-0.141352433259442	0.106428036832538	0.184128446238937	0.868183281109602	0.704722348644963	1.06955911224829
vacA	sle	rs133537	14267	-0.120046427222504	0.116586969368191	0.303163644137906	0.886879260420557	0.70570576826802	1.11456481997379
vacA	sle	rs1530121	14267	-0.0940603547409046	0.120606878659257	0.435454374866931	0.91022782401841	0.718600407726333	1.15295605556185
vacA	sle	rs372744619	14267	0.0247052531268721	0.0634422634828122	0.696970528917565	1.0250129566318	0.905161785003672	1.16073344972115
vacA	sle	rs7019543	14267	-0.153337390251008	0.123335799954359	0.21377525408994	0.857840246045052	0.673629139146612	1.09242585418276
vacA	sle	rs77497849	14267	-0.136928245035102	0.114742662972422	0.232732027323267	0.87203279656992	0.696405018713164	1.09195249583169
vacA	sle	rs9606224	14267	-0.0963491320564138	0.118307679136591	0.415418945543787	0.908146897519945	0.720195782955593	1.14514803751073
vacA	sle	All	14267	-0.106471123549394	0.106118118761925	0.315703341155602	0.899001007744614	0.730181141687829	1.10685248602512
omp	afib	rs116944686	1030836	-0.020555246534477	0.0284519776371693	0.470015365093646	0.979654572459336	0.926518632615075	1.03583786397441
omp	afib	rs143477841	1030836	-0.0107007764741766	0.0253420215350775	0.672839442552297	0.989356273161269	0.941415073188772	1.03973886027559
omp	afib	rs1892331	1030836	-0.0369807175523934	0.0234898561733711	0.1154118437403	0.963694717562798	0.920331971303491	1.00910056111936
omp	afib	rs3104361	1030836	-0.0152036395150668	0.0268613782539151	0.571391264374061	0.984911352309838	0.93439880958958	1.03815454595332
omp	afib	rs55862931	1030836	-0.0267482201850519	0.0280937404569511	0.341043202347739	0.973606345092376	0.92144521881422	1.02872020587829
omp	afib	rs60949128	1030836	-0.0257895084020016	0.0292354627353861	0.377705962096596	0.974540200545054	0.920267384937928	1.03201375819969
omp	afib	rs703135	1030836	-0.0260139519551358	0.0273823169346851	0.342098319382297	0.974321495824122	0.923408749960207	1.02804134925716
omp	afib	rs8019346	1030836	-0.00749555873203844	0.0235683560310437	0.750458496716161	0.992532462911978	0.947726295204547	1.03945695599962
omp	afib	rs9276733	1030836	-0.0273202344343071	0.0297104504768294	0.357808146845684	0.973049587641597	0.918004746983621	1.03139499345789
omp	afib	All	1030836	-0.0217590043127026	0.0254066497698198	0.391760254110282	0.978476015138849	0.930944108016104	1.02843479426741
cagA	ms	rs11858369	115803	-0.749696543167642	0.981396396334432	0.444922078894494	0.472509917350207	0.0690286612647402	3.23439014901399
cagA	ms	rs3998182	115803	-0.0198473031017322	0.128299411711785	0.877061614611262	0.980348358031761	0.762376958016849	1.26064001933586
cagA	ms	rs4268452	115803	-0.651419531923753	0.902956468265968	0.470645234794098	0.521305241846072	0.0888137134889821	3.05987830595446
cagA	ms	rs75740599	115803	-1.55646462628835	1.22746350365557	0.204786050484987	0.210880295523147	0.0190194508703164	2.33815893756084
cagA	ms	All	115803	-0.619110629602565	0.74418036531491	0.405444923723348	0.538423082267588	0.125217363275879	2.31516946160113
omp	asthma	rs1892331	26475	-0.110996838215168	0.188791835353799	0.556577663151932	0.894941578537266	0.618147092860112	1.29567935891923
omp	asthma	rs60949128	26475	-0.0541230346077682	0.182685005257677	0.767028291530916	0.947315546734777	0.662201330332117	1.35518716737602
omp	asthma	rs703135	26475	-0.0344299772806256	0.151567181317005	0.820299451235956	0.966155990187701	0.717844969860683	1.30036071375793
omp	asthma	rs9276733	26475	-0.277127744613319	0.0867886085128122	0.00140737127221798	0.757957665916864	0.639394645084487	0.898505841015025
omp	asthma	All	26475	-0.113449532388145	0.13995046615106	0.417572083827933	0.89274925019694	0.678580307712601	1.17451275061868
cagA	sle	rs117827497	14267	0.343715605790169	0.385431973207669	0.372517706047595	1.41017753214967	0.66250242437343	3.00165040763507
cagA	sle	rs138363822	14267	0.272127025106962	0.37570463225731	0.468874780835535	1.31275374340534	0.628603834786817	2.74150791875009
cagA	sle	rs3998182	14267	-0.182894206472611	0.0789209004255775	0.0204799444612869	0.832856261878231	0.713495484100483	0.972184923951239
cagA	sle	rs4268452	14267	0.350540739186922	0.364254339814479	0.335873027682928	1.41983510152994	0.695309807294931	2.89932875156677
cagA	sle	rs75740599	14267	0.370038590453319	0.385137647551611	0.336654907904512	1.4477904844764	0.680565506818892	3.07993465131377
cagA	sle	All	14267	0.244211021700371	0.314009877906798	0.436735489601922	1.27661369526024	0.689872598015012	2.36238188270603
cagA	ra	rs116421363	58284	-0.0594550365540341	0.0789793934695429	0.451575059566803	0.94227790070021	0.807142821743691	1.1000378349768
cagA	ra	rs117827497	58284	-0.0568363800648493	0.0803402646499479	0.479289504611551	0.944748636431679	0.807103554373776	1.10586799079585
cagA	ra	rs11858369	58284	-0.0635338390019847	0.0866217498783572	0.463276153795597	0.938442362810385	0.791906088944256	1.11209407354252
cagA	ra	rs138363822	58284	-0.0586189426275988	0.0800314821767685	0.463894838339063	0.943066062972931	0.806153871043504	1.10323057554762
cagA	ra	rs3998182	58284	-0.0135000836178569	0.0264431720319553	0.609678851764118	0.986590633821135	0.936759499168893	1.03907254701678
cagA	ra	rs4268452	58284	-0.0477356826275774	0.0757461689249468	0.528559879016152	0.95338575019332	0.82184934959567	1.10597445762883
cagA	ra	rs56264437	58284	-0.0626124346557632	0.0760367286952555	0.410252211222403	0.939307446166736	0.809252398035724	1.09026365638935
cagA	ra	rs571061419	58284	-0.0588488514190706	0.0760421685297121	0.438991351349611	0.942849268716522	0.812295164545142	1.09438635402572
cagA	ra	rs6530847	58284	-0.0423143459457879	0.0823379757942764	0.607314603123833	0.958568411114038	0.815709674400513	1.12644661160968
cagA	ra	rs75740599	58284	-0.0476301071286551	0.0787091885038614	0.545085735321105	0.953486409683056	0.817176546240937	1.11253356160596
cagA	ra	All	58284	-0.0507127541173506	0.0711462967462296	0.475972363205367	0.950551673375501	0.826827248002279	1.0927899218852
ureA	t2d	rs12820262	62892	-0.0843046060827559	0.0281691268967423	0.00276429449094269	0.919151234392164	0.869779024171982	0.971326012936349
ureA	t2d	rs134748	62892	-0.0110658808780628	0.0608954558481489	0.855803002597281	0.988995120762103	0.877725853072544	1.11436998861011
ureA	t2d	rs4689912	62892	-0.00963371571117797	0.0607471401968484	0.873994155079639	0.990412539871143	0.879239358616866	1.11564273086807
ureA	t2d	rs60386004	62892	-0.01397234910838	0.0626129752691596	0.823415487489872	0.98612481111616	0.872237281186869	1.11488257160444
ureA	t2d	rs9289888	62892	-0.0190913810541062	0.0644428796907804	0.767037058509049	0.98108970513496	0.86467685036063	1.11317541243339
ureA	t2d	All	62892	-0.0267410234874574	0.050629269620909	0.597379126732515	0.973613351868031	0.881637423514468	1.07518457548796
ureA	crohn	rs117994655	20883	-0.000211320889505356	0.0750520714561631	0.997753433728705	0.999788701437181	0.863023479921679	1.15822740722206
ureA	crohn	rs12820262	20883	0.0231238247750783	0.091896424680316	0.801327678356794	1.0233932531413	0.854709898519064	1.22536752223161
ureA	crohn	rs134748	20883	0.067311153450016	0.0871302385982931	0.439797662404606	1.0696282449198	0.901708380685485	1.2688188408102
ureA	crohn	rs143570118	20883	0.0192374188422298	0.0815000683845538	0.813400272799715	1.01942365027118	0.868921305641834	1.1959938972432
ureA	crohn	rs4689912	20883	0.0282320072778715	0.0913977505006402	0.757403904482624	1.0286343073848	0.859927166271165	1.23043971609494
ureA	crohn	rs60386004	20883	0.0550147761323263	0.0918730245417065	0.549297485671482	1.05655622637476	0.882447173547307	1.26501743441919
ureA	crohn	rs61907106	20883	0.0545991217356134	0.0887571382324363	0.538454413398857	1.05611715539111	0.887483926129498	1.25679284218232
ureA	crohn	rs71569678	20883	0.0761527172401119	0.0850025536209057	0.370312901253699	1.07912736292652	0.913517918758879	1.27475974089142
ureA	crohn	rs75477465	20883	0.0695291217245801	0.0831680781426516	0.403150787713327	1.07200327933446	0.910755948727358	1.2617990939391
ureA	crohn	rs9289888	20883	0.0129520241096174	0.0886449051555959	0.883833510200446	1.01303626487715	0.851469166793019	1.20526087611779
ureA	crohn	All	20883	0.0404966708820809	0.0819925538358768	0.621372079545932	1.04132784299357	0.886735325022711	1.2228718604008
vacA	ra	rs10246445	58284	-0.00976517117736115	0.0419099088878406	0.815758396659856	0.990282353286057	0.912188526518169	1.07506190959555
vacA	ra	rs113845906	58284	-0.0214625604110719	0.0419072701137685	0.608550174393787	0.978766121384418	0.901585129513171	1.06255426028065
vacA	ra	rs117077218	58284	-0.018098708633376	0.0445809051706995	0.684761370762491	0.982064089369675	0.899894915736204	1.07173610914389
vacA	ra	rs133537	58284	-0.0309657989497266	0.0422581360875895	0.463694325049935	0.96950873072585	0.892443791804919	1.05322843588015
vacA	ra	rs148556020	58284	-0.0102508725407767	0.0416971605333739	0.805805300733083	0.989801488584673	0.912125848012277	1.07409190183507
vacA	ra	rs1530121	58284	-0.0300825732887238	0.0450003792628687	0.503817037868357	0.970365403977602	0.888444305895204	1.05984022970111
vacA	ra	rs372744619	58284	0.0136059588143275	0.0329955135170934	0.680077157049956	1.01369894109775	0.950216669077352	1.08142234989466
vacA	ra	rs59104649	58284	-0.0522036339752279	0.053688726173645	0.330882005118819	0.949135570913413	0.854333593059765	1.05445734463834
vacA	ra	rs7019543	58284	-0.00898972061816832	0.0433925212937144	0.835875440163194	0.991050566107707	0.910247205147882	1.07902690502943
vacA	ra	rs72645538	58284	-0.0154968987486057	0.0443604748325566	0.726833894904098	0.984622560309086	0.902629210566233	1.07406405079828
vacA	ra	rs77497849	58284	-0.0206649918849627	0.0445284350400515	0.642586637207941	0.979547065824212	0.897680805275034	1.06887932606607
vacA	ra	rs9606224	58284	-0.0178184146336052	0.0439493256255964	0.685160801612963	0.982339394622719	0.901262164724884	1.07071030383518
vacA	ra	All	58284	-0.0174366059979608	0.0414271937183133	0.673829865096383	0.982714531897488	0.906074355982546	1.06583730664716
groEL	atopic	rs117341694	796661	0.055278258656786	0.080119525541893	0.49022726364801	1.05683464715442	0.903249907461196	1.23653427716956
groEL	atopic	rs1367344	796661	-0.020560414262976	0.0553085125866795	0.710086065955645	0.979649509883564	0.879004643210301	1.0918180804029
groEL	atopic	rs3104037	796661	-0.000312727243217653	0.078122941291755	0.996806065304363	0.99968732165085	0.857757638356534	1.16510153495602
groEL	atopic	rs61680606	796661	0.0597893035453173	0.0692271207058247	0.387769863427384	1.06161284491695	0.926912736678108	1.21588773990926
groEL	atopic	All	796661	0.0221758432588229	0.0614411146936431	0.718152971995648	1.02242355495406	0.906423410554637	1.15326889569771
ureA	pancan	rs117994655	476245	-0.065043919744352	0.12843333611041	0.612547029639641	0.937026308517733	0.728495916642274	1.20524807730051
ureA	pancan	rs12820262	476245	-0.125439587215178	0.102838388556877	0.222550579935315	0.882109053481784	0.721081703237421	1.07909600082909
ureA	pancan	rs134748	476245	0.014442760091219	0.118615626648457	0.903088283030788	1.0145475606795	0.804090166953026	1.28008872037464
ureA	pancan	rs143570118	476245	-0.056419094837918	0.12310424679305	0.646734481904605	0.945142948345372	0.742521525203596	1.20305629195335
ureA	pancan	rs4689912	476245	-0.0337913372742957	0.134710751623608	0.801934988706246	0.966773213126042	0.742431691544981	1.25890429552255
ureA	pancan	rs60386004	476245	0.0216098486232023	0.122910645003098	0.860437280547151	1.02184503244239	0.803084760683505	1.30019559758362
ureA	pancan	rs61907106	476245	-0.00916626991153115	0.134324769539694	0.945594896075257	0.990875612275016	0.761516972834373	1.28931397989331
ureA	pancan	rs71569678	476245	-0.0671460294289949	0.132079691340995	0.611190295012235	0.93505864528637	0.721789145881374	1.21134361068444
ureA	pancan	rs75477465	476245	-0.0380269304296388	0.132452825967301	0.774037347103631	0.962687014967182	0.742572723253615	1.24804784738895
ureA	pancan	rs9289888	476245	-0.0560437102006054	0.140642455419615	0.690273753990366	0.945497807088338	0.717700503626817	1.24559770919945
ureA	pancan	All	476245	-0.0418313822925713	0.120787895060433	0.729101502650318	0.959031476628633	0.756861004045165	1.2152051278224
groEL	ra	rs117341694	58284	0.0764826322975821	0.110100859930051	0.487268578052143	1.07948344202717	0.869953903547566	1.33947844461522
groEL	ra	rs1367344	58284	0.0550774356329169	0.135843880904585	0.685149284775212	1.05662243173443	0.809631096935584	1.37896255154983
groEL	ra	rs3104037	58284	-0.10690837107659	0.0790338196670093	0.176154227272597	0.898608007702441	0.769653659926983	1.04916846829983
groEL	ra	rs61680606	58284	0.0781426785402953	0.141420652238076	0.58056821133983	1.08127692267772	0.819515636989282	1.42664731549313
groEL	ra	All	58284	0.0344611945612707	0.104435743190261	0.741418778417041	1.03506186156712	0.84346838191453	1.27017571759953
hpylori_general	alzheimer	rs10044474	85934	-0.0408117697571866	0.122842636434794	0.739717063458582	0.960009815822728	0.754588027824582	1.22135365589213
hpylori_general	alzheimer	rs111575036	85934	-0.056292953552541	0.119346925284568	0.637158828663943	0.945262177411437	0.748104258940549	1.19437975839089
hpylori_general	alzheimer	rs11201988	85934	-0.0299475629128701	0.123184548537535	0.80791913250952	0.970496422219721	0.762319684320126	1.23552274054326
hpylori_general	alzheimer	rs117192929	85934	0.0177871299146498	0.110818523712137	0.872481842043563	1.01794626301682	0.819208067632536	1.26489793659445
hpylori_general	alzheimer	rs17232730	85934	-0.0273413508060428	0.124151524632379	0.825695417416012	0.973029040581727	0.762861839781279	1.24109696467037
hpylori_general	alzheimer	rs60696037	85934	-0.0818774807727051	0.105596666875811	0.438115500870474	0.921384839139728	0.749126852104849	1.13325269199898
hpylori_general	alzheimer	rs62195865	85934	-0.055660518499928	0.117024633398029	0.63433743780891	0.945860183426391	0.751992596650761	1.18970783831652
hpylori_general	alzheimer	rs681900	85934	-0.0114705275598321	0.121766504937682	0.924949483715599	0.988595008125785	0.77869730504973	1.25507059515097
hpylori_general	alzheimer	rs74347185	85934	0.03254297055202	0.102074527694001	0.749866208642218	1.03307828413436	0.845757076921471	1.26188804122663
hpylori_general	alzheimer	rs76753623	85934	-0.0566434860430198	0.118842511746126	0.63362813590162	0.944930890373061	0.748581790112046	1.19278133582114
hpylori_general	alzheimer	rs9747624	85934	0.00710563897924363	0.130278867180291	0.956503536751043	1.00713094393234	0.780171945460703	1.30011434546917
hpylori_general	alzheimer	All	85934	-0.0279858912495455	0.112387794817216	0.803351625122776	0.97240208608284	0.780152419251754	1.21202702662276
omp	t2d	rs60949128	62892	0.0555914755772392	0.0511269143321042	0.276894038080372	1.05716571749374	0.956363434547138	1.16859272727555
omp	t2d	rs703135	62892	0.0316406121693215	0.0714739515339932	0.6579919141199	1.03214649775054	0.897225250702424	1.18735667769569
omp	t2d	rs8019346	62892	-0.0126189104629291	0.0648396482971883	0.845692640948751	0.987460374142196	0.8696150633849	1.12127541432601
omp	t2d	rs9276733	62892	-0.0290924161585963	0.071044419142632	0.682175591168832	0.971326694036745	0.84506690463357	1.1164507110327
omp	t2d	All	62892	0.0127788727930501	0.0564265737936894	0.820836625267591	1.01286087149939	0.906814643583641	1.1313085339693
omp	atopic	rs116944686	796661	0.00708439163743775	0.0627883886813572	0.910165614689007	1.00710954530427	0.890492275902751	1.13899880289779
omp	atopic	rs143477841	796661	0.00369361803471543	0.0603662602130506	0.951210445482971	1.00370044784813	0.891701135900294	1.12976708052907
omp	atopic	rs1892331	796661	-0.00336452996460001	0.0608434981886832	0.955900974295084	0.996641123723896	0.884601704743929	1.12287091938757
omp	atopic	rs3104361	796661	0.0541854876386743	0.0286888434373607	0.0589279774888266	1.05568039966004	0.99795744336515	1.11674211524328
omp	atopic	rs55862931	796661	0.0141023277819076	0.0614134844547721	0.818379934062759	1.01420223469391	0.899183543076061	1.14393349475605
omp	atopic	rs60949128	796661	0.0040421904324516	0.0644001542234288	0.949952217919703	1.00405037110309	0.884987187176685	1.1391319132296
omp	atopic	rs703135	796661	0.00081050301925343	0.0625010202546575	0.98965345336207	1.00081083156558	0.885421481839133	1.13123788062889
omp	atopic	rs8019346	796661	0.0105253687627325	0.0614379254974621	0.863974415712275	1.01058095530831	0.895930025844741	1.13990360605332
omp	atopic	rs9276733	796661	-0.0342124936880796	0.057010271207452	0.548432229097274	0.966366136114224	0.864198643405501	1.08061209787174
omp	atopic	All	796661	0.00685534345958084	0.0553690804422808	0.901464318034885	1.00687889511402	0.903329358286266	1.12229841765506
cagA	crohn	rs117537486	20883	0.000641826341655805	0.078101206253423	0.993443154218459	1.00064203235626	0.858613381622787	1.16616453732135
cagA	crohn	rs117827497	20883	-0.0153957226259874	0.0787612548398959	0.845022435715754	0.984722185641748	0.843860753407255	1.14909690844111
cagA	crohn	rs118006294	20883	-0.0167082342695915	0.0749780820016142	0.823658805295754	0.983430574120379	0.849026164611815	1.13911176642822
cagA	crohn	rs11858369	20883	0.00852704045679482	0.0766407472772758	0.911410267792115	1.00856349922104	0.867891281229118	1.17203658333844
cagA	crohn	rs138363822	20883	-0.0542250629696335	0.0560944809206797	0.333707146985647	0.947218898611883	0.848597539606456	1.0573017243293
cagA	crohn	rs149747348	20883	-0.0211261820292652	0.0802908298082073	0.792457523848779	0.979095412528603	0.83652722860339	1.14596129576681
cagA	crohn	rs3998182	20883	0.0453519867159734	0.0658550186124511	0.491034676800558	1.04639611262617	0.919685192313745	1.19056480812147
cagA	crohn	rs4268452	20883	0.014932742020073	0.0748423819189524	0.841854014681129	1.01504479245755	0.876552809032728	1.17541797833279
cagA	crohn	rs6530847	20883	-0.0137763955826717	0.0800019122661919	0.863279646475494	0.986318064683427	0.843175511779157	1.15376135944477
cagA	crohn	rs75170215	20883	0.00121180176123273	0.0774680757433345	0.987519523659375	1.00121253628966	0.860169662947001	1.16538234955786
cagA	crohn	rs75740599	20883	-0.00415245700023187	0.0793340347688645	0.958256640440375	0.995856152528316	0.852444508043516	1.16339476314378
cagA	crohn	All	20883	-0.00504131319261038	0.071619484732051	0.943883054068648	0.994971372899602	0.86466294818122	1.14491783760605
hpylori_general	crohn	rs10044474	20883	0.0515552947305577	0.369249775177698	0.888958865778521	1.05290740491378	0.510597196587512	2.17121051727567
hpylori_general	crohn	rs111575036	20883	0.117929239763554	0.356029018926511	0.740467053381247	1.12516449164495	0.559961281774044	2.26086191039454
hpylori_general	crohn	rs11201988	20883	-0.0393787290156771	0.374626700224159	0.916284888609909	0.961386535212936	0.461327506738249	2.00348788352902
hpylori_general	crohn	rs117192929	20883	0.0628995843449999	0.350736796624788	0.857674216496095	1.06491989923297	0.535505275801307	2.11772776670669
hpylori_general	crohn	rs17232730	20883	-0.279266226426939	0.219915620162293	0.204127736840825	0.756338519107853	0.49149631251045	1.16389063544418
hpylori_general	crohn	rs60696037	20883	0.0273319581726744	0.37848327797573	0.942431253289402	1.02770890251425	0.489439085687675	2.15795104884825
hpylori_general	crohn	rs62195865	20883	-0.0306064601701098	0.374006874888533	0.934778757831837	0.969857175411071	0.465957926715092	2.01868642374547
hpylori_general	crohn	rs681900	20883	0.0191912367561702	0.377220107245005	0.95942478079838	1.01937657224753	0.486674297418351	2.1351622667549
hpylori_general	crohn	rs74347185	20883	-0.0288010346922523	0.371874444459553	0.938266937214283	0.97160976187151	0.468755041838618	2.01389946796352
hpylori_general	crohn	rs76753623	20883	0.078510478469639	0.35573661033357	0.825327326070625	1.08167468939829	0.538626295535791	2.17222988068382
hpylori_general	crohn	rs9747624	20883	-0.0769485222874155	0.433834452304523	0.859219027597881	0.925937517525069	0.3956346681168	2.16705045197752
hpylori_general	crohn	All	20883	-0.00693580529061051	0.344740475440698	0.983948508970564	0.993088191894917	0.505287786809056	1.95180683687057
